{"cameraMode":{"drawMode":0,"name":"Shaded","section":"Shading Mode"},"sceneLighting":false,"audioPlay":false,"sceneViewState":{"m_AlwaysRefresh":false,"showFog":true,"showSkybox":false,"showFlares":true,"showImageEffects":true,"showParticleSystems":true,"showVisualEffectGraphs":true,"m_FxEnabled":true},"in2DMode":false,"pivot":{"x":0.29884928464889529,"y":0.1637369990348816,"z":-0.020015239715576173},"rotation":{"x":0.07695829123258591,"y":0.318727970123291,"z":-0.025968434289097787,"w":0.9443857073783875},"size":0.9956154227256775,"orthographic":false}