{"cameraMode":{"drawMode":0,"name":"Shaded","section":"Shading Mode"},"sceneLighting":true,"audioPlay":false,"sceneViewState":{"m_AlwaysRefresh":false,"showFog":true,"showSkybox":true,"showFlares":true,"showImageEffects":true,"showParticleSystems":true,"showVisualEffectGraphs":true,"m_FxEnabled":true},"in2DMode":false,"pivot":{"x":29.805086135864259,"y":13.677454948425293,"z":70.43505096435547},"rotation":{"x":-0.07897137105464935,"y":0.8991886973381043,"z":-0.18209637701511384,"w":-0.38995927572250368},"size":5.612658500671387,"orthographic":false}